title,price,location,url
"$4,500","$4,500",3 Beds 2 Baths House,https://www.facebook.com/marketplace/item/1565165728331786/?ref=category_feed&referral_code=undefined&referral_story_type=listing&tracking=%7B%22qid%22%3A%22-6737759766574159861%22%2C%22mf_story_key%22%3A%2226656785087276457%22%2C%22commerce_rank_obj%22%3A%22%7B%5C%22target_id%5C%22%3A26656785087276457%2C%5C%22target_type%5C%22%3A0%2C%5C%22primary_position%5C%22%3A8%2C%5C%22ranking_signature%5C%22%3A6743449178846338706%2C%5C%22ranking_region%5C%22%3A%5C%22rva%5C%22%2C%5C%22ranking_request_id%5C%22%3A1828152424442133071%2C%5C%22commerce_channel%5C%22%3A504%2C%5C%22value%5C%22%3A0.0021082404416167%2C%5C%22candidate_retrieval_source_map%5C%22%3A%7B%5C%2226656785087276457%5C%22%3A204%7D%2C%5C%22is_prefetch%5C%22%3Afalse%7D%22%7D&__tn__=!%3AD
$870,$870,15 Beds 5 Baths House,https://www.facebook.com/marketplace/item/4297589957222222/?ref=category_feed&referral_code=undefined&referral_story_type=listing&tracking=%7B%22qid%22%3A%22-6737759766574159861%22%2C%22mf_story_key%22%3A%2227300145489673624%22%2C%22commerce_rank_obj%22%3A%22%7B%5C%22target_id%5C%22%3A27300145489673624%2C%5C%22target_type%5C%22%3A0%2C%5C%22primary_position%5C%22%3A12%2C%5C%22ranking_signature%5C%22%3A6743449178846338706%2C%5C%22ranking_region%5C%22%3A%5C%22rva%5C%22%2C%5C%22ranking_request_id%5C%22%3A1828152424442133071%2C%5C%22commerce_channel%5C%22%3A504%2C%5C%22value%5C%22%3A0.0021082364416167%2C%5C%22candidate_retrieval_source_map%5C%22%3A%7B%5C%2227300145489673624%5C%22%3A204%7D%2C%5C%22is_prefetch%5C%22%3Afalse%7D%22%7D&__tn__=!%3AD
"$3,900","$3,900",1 Bed 1 Bath House,https://www.facebook.com/marketplace/item/1144734713629544/?ref=category_feed&referral_code=undefined&referral_story_type=listing&tracking=%7B%22qid%22%3A%22-6737759766574159861%22%2C%22mf_story_key%22%3A%229318992841551275%22%2C%22commerce_rank_obj%22%3A%22%7B%5C%22target_id%5C%22%3A9318992841551275%2C%5C%22target_type%5C%22%3A0%2C%5C%22primary_position%5C%22%3A14%2C%5C%22ranking_signature%5C%22%3A6743449178846338706%2C%5C%22ranking_region%5C%22%3A%5C%22rva%5C%22%2C%5C%22ranking_request_id%5C%22%3A1828152424442133071%2C%5C%22commerce_channel%5C%22%3A504%2C%5C%22value%5C%22%3A0.0021082344416167%2C%5C%22candidate_retrieval_source_map%5C%22%3A%7B%5C%229318992841551275%5C%22%3A204%7D%2C%5C%22is_prefetch%5C%22%3Afalse%7D%22%7D&__tn__=!%3AD
"$1,700","$1,700",Private room for rent,https://www.facebook.com/marketplace/item/911255201930808/?ref=category_feed&referral_code=undefined&referral_story_type=listing&tracking=%7B%22qid%22%3A%22-6737759766574159861%22%2C%22mf_story_key%22%3A%2226899191699745736%22%2C%22commerce_rank_obj%22%3A%22%7B%5C%22target_id%5C%22%3A26899191699745736%2C%5C%22target_type%5C%22%3A0%2C%5C%22primary_position%5C%22%3A17%2C%5C%22ranking_signature%5C%22%3A6743449178846338706%2C%5C%22ranking_region%5C%22%3A%5C%22rva%5C%22%2C%5C%22ranking_request_id%5C%22%3A1828152424442133071%2C%5C%22commerce_channel%5C%22%3A504%2C%5C%22value%5C%22%3A0.0019807238376093%2C%5C%22candidate_retrieval_source_map%5C%22%3A%7B%5C%2226899191699745736%5C%22%3A204%7D%2C%5C%22is_prefetch%5C%22%3Afalse%7D%22%7D&__tn__=!%3AD
"$1,750","$1,750",1 Bed 1 Bath - Apartment,https://www.facebook.com/marketplace/item/1370343691812872/?ref=category_feed&referral_code=undefined&referral_story_type=listing&tracking=%7B%22qid%22%3A%22-6737759766574159861%22%2C%22mf_story_key%22%3A%2227059267860379287%22%2C%22commerce_rank_obj%22%3A%22%7B%5C%22target_id%5C%22%3A27059267860379287%2C%5C%22target_type%5C%22%3A0%2C%5C%22primary_position%5C%22%3A24%2C%5C%22ranking_signature%5C%22%3A6743449178846338706%2C%5C%22ranking_region%5C%22%3A%5C%22rva%5C%22%2C%5C%22ranking_request_id%5C%22%3A1828152424442133071%2C%5C%22commerce_channel%5C%22%3A504%2C%5C%22value%5C%22%3A0.0017696500650798%2C%5C%22candidate_retrieval_source_map%5C%22%3A%7B%5C%2227059267860379287%5C%22%3A204%7D%2C%5C%22is_prefetch%5C%22%3Afalse%7D%22%7D&__tn__=!%3AD
"$1,200","$1,200",Private room for rent,https://www.facebook.com/marketplace/item/1436928941521061/?ref=category_feed&referral_code=undefined&referral_story_type=listing&tracking=%7B%22qid%22%3A%22-6737759766574159861%22%2C%22mf_story_key%22%3A%2226698010116534606%22%2C%22commerce_rank_obj%22%3A%22%7B%5C%22target_id%5C%22%3A26698010116534606%2C%5C%22target_type%5C%22%3A0%2C%5C%22primary_position%5C%22%3A25%2C%5C%22ranking_signature%5C%22%3A6743449178846338706%2C%5C%22ranking_region%5C%22%3A%5C%22rva%5C%22%2C%5C%22ranking_request_id%5C%22%3A1828152424442133071%2C%5C%22commerce_channel%5C%22%3A504%2C%5C%22value%5C%22%3A0.0017437946094325%2C%5C%22candidate_retrieval_source_map%5C%22%3A%7B%5C%2226698010116534606%5C%22%3A204%7D%2C%5C%22is_prefetch%5C%22%3Afalse%7D%22%7D&__tn__=!%3AD
"$1,450","$1,450",出租单间,https://www.facebook.com/marketplace/item/1525240809022590/?ref=category_feed&referral_code=undefined&referral_story_type=listing&tracking=%7B%22qid%22%3A%22-6737759766574159861%22%2C%22mf_story_key%22%3A%2226585563057741854%22%2C%22commerce_rank_obj%22%3A%22%7B%5C%22target_id%5C%22%3A26585563057741854%2C%5C%22target_type%5C%22%3A0%2C%5C%22primary_position%5C%22%3A27%2C%5C%22ranking_signature%5C%22%3A6743449178846338706%2C%5C%22ranking_region%5C%22%3A%5C%22rva%5C%22%2C%5C%22ranking_request_id%5C%22%3A1828152424442133071%2C%5C%22commerce_channel%5C%22%3A504%2C%5C%22value%5C%22%3A0.0016934116240887%2C%5C%22candidate_retrieval_source_map%5C%22%3A%7B%5C%2226585563057741854%5C%22%3A204%7D%2C%5C%22is_prefetch%5C%22%3Afalse%7D%22%7D&__tn__=!%3AD
"$1,610","$1,610",3 Beds 1 Bath Apartment,https://www.facebook.com/marketplace/item/1348414737126387/?ref=category_feed&referral_code=undefined&referral_story_type=listing&tracking=%7B%22qid%22%3A%22-6737759766574159861%22%2C%22mf_story_key%22%3A%2224673739815657208%22%2C%22commerce_rank_obj%22%3A%22%7B%5C%22target_id%5C%22%3A24673739815657208%2C%5C%22target_type%5C%22%3A0%2C%5C%22primary_position%5C%22%3A30%2C%5C%22ranking_signature%5C%22%3A6743449178846338706%2C%5C%22ranking_region%5C%22%3A%5C%22rva%5C%22%2C%5C%22ranking_request_id%5C%22%3A1828152424442133071%2C%5C%22commerce_channel%5C%22%3A504%2C%5C%22value%5C%22%3A0.001579004031889%2C%5C%22candidate_retrieval_source_map%5C%22%3A%7B%5C%2224673739815657208%5C%22%3A204%7D%2C%5C%22is_prefetch%5C%22%3Afalse%7D%22%7D&__tn__=!%3AD
"$1,700","$1,700",2 Beds 1 Bath Apartment/condo,https://www.facebook.com/marketplace/item/2156438434876211/?ref=category_feed&referral_code=undefined&referral_story_type=listing&tracking=%7B%22qid%22%3A%22-6737759766574159861%22%2C%22mf_story_key%22%3A%2224993983553537224%22%2C%22commerce_rank_obj%22%3A%22%7B%5C%22target_id%5C%22%3A24993983553537224%2C%5C%22target_type%5C%22%3A0%2C%5C%22primary_position%5C%22%3A34%2C%5C%22ranking_signature%5C%22%3A6743449178846338706%2C%5C%22ranking_region%5C%22%3A%5C%22rva%5C%22%2C%5C%22ranking_request_id%5C%22%3A1828152424442133071%2C%5C%22commerce_channel%5C%22%3A504%2C%5C%22value%5C%22%3A0.0014947723198893%2C%5C%22candidate_retrieval_source_map%5C%22%3A%7B%5C%2224993983553537224%5C%22%3A204%7D%2C%5C%22is_prefetch%5C%22%3Afalse%7D%22%7D&__tn__=!%3AD
"$1,400","$1,400",4 Beds 2 Baths - House,https://www.facebook.com/marketplace/item/2488572054921349/?ref=category_feed&referral_code=undefined&referral_story_type=listing&tracking=%7B%22qid%22%3A%22-6737759766574159861%22%2C%22mf_story_key%22%3A%2227643828388551302%22%2C%22commerce_rank_obj%22%3A%22%7B%5C%22target_id%5C%22%3A27643828388551302%2C%5C%22target_type%5C%22%3A0%2C%5C%22primary_position%5C%22%3A35%2C%5C%22ranking_signature%5C%22%3A6743449178846338706%2C%5C%22ranking_region%5C%22%3A%5C%22rva%5C%22%2C%5C%22ranking_request_id%5C%22%3A1828152424442133071%2C%5C%22commerce_channel%5C%22%3A504%2C%5C%22value%5C%22%3A0.0014724734090119%2C%5C%22candidate_retrieval_source_map%5C%22%3A%7B%5C%2227643828388551302%5C%22%3A204%7D%2C%5C%22is_prefetch%5C%22%3Afalse%7D%22%7D&__tn__=!%3AD
"$1,400","$1,400",1 Bed 1 Bath - Apartment,https://www.facebook.com/marketplace/item/3794672987525982/?ref=category_feed&referral_code=undefined&referral_story_type=listing&tracking=%7B%22qid%22%3A%22-6737759766574159861%22%2C%22mf_story_key%22%3A%227616995828370101%22%2C%22commerce_rank_obj%22%3A%22%7B%5C%22target_id%5C%22%3A7616995828370101%2C%5C%22target_type%5C%22%3A0%2C%5C%22primary_position%5C%22%3A37%2C%5C%22ranking_signature%5C%22%3A6743449178846338706%2C%5C%22ranking_region%5C%22%3A%5C%22rva%5C%22%2C%5C%22ranking_request_id%5C%22%3A1828152424442133071%2C%5C%22commerce_channel%5C%22%3A504%2C%5C%22value%5C%22%3A0.0014289634095123%2C%5C%22candidate_retrieval_source_map%5C%22%3A%7B%5C%227616995828370101%5C%22%3A204%7D%2C%5C%22is_prefetch%5C%22%3Afalse%7D%22%7D&__tn__=!%3AD
"$499,997","$499,997",1 Bed 1 Bath House,https://www.facebook.com/marketplace/item/1473806320336597/?ref=category_feed&referral_code=undefined&referral_story_type=listing&tracking=%7B%22qid%22%3A%22-6737759766574159861%22%2C%22mf_story_key%22%3A%2235143701985275644%22%2C%22commerce_rank_obj%22%3A%22%7B%5C%22target_id%5C%22%3A35143701985275644%2C%5C%22target_type%5C%22%3A0%2C%5C%22primary_position%5C%22%3A46%2C%5C%22ranking_signature%5C%22%3A6743449178846338706%2C%5C%22ranking_region%5C%22%3A%5C%22rva%5C%22%2C%5C%22ranking_request_id%5C%22%3A1828152424442133071%2C%5C%22commerce_channel%5C%22%3A504%2C%5C%22value%5C%22%3A0.0013518953910278%2C%5C%22candidate_retrieval_source_map%5C%22%3A%7B%5C%2235143701985275644%5C%22%3A204%7D%2C%5C%22is_prefetch%5C%22%3Afalse%7D%22%7D&__tn__=!%3AD
"$3,000","$3,000",2 Beds 2 Baths - House,https://www.facebook.com/marketplace/item/1645965906747183/?ref=category_feed&referral_code=undefined&referral_story_type=listing&tracking=%7B%22qid%22%3A%22-6737759766574159861%22%2C%22mf_story_key%22%3A%2226800526589612403%22%2C%22commerce_rank_obj%22%3A%22%7B%5C%22target_id%5C%22%3A26800526589612403%2C%5C%22target_type%5C%22%3A0%2C%5C%22primary_position%5C%22%3A48%2C%5C%22ranking_signature%5C%22%3A6743449178846338706%2C%5C%22ranking_region%5C%22%3A%5C%22rva%5C%22%2C%5C%22ranking_request_id%5C%22%3A1828152424442133071%2C%5C%22commerce_channel%5C%22%3A504%2C%5C%22value%5C%22%3A0.0013386562063178%2C%5C%22candidate_retrieval_source_map%5C%22%3A%7B%5C%2226800526589612403%5C%22%3A204%7D%2C%5C%22is_prefetch%5C%22%3Afalse%7D%22%7D&__tn__=!%3AD
"$699,000","$699,000",2 Beds 1 Bath Townhouse,https://www.facebook.com/marketplace/item/1973776626559080/?ref=category_feed&referral_code=undefined&referral_story_type=listing&tracking=%7B%22qid%22%3A%22-6737759766574159861%22%2C%22mf_story_key%22%3A%2226685198917817488%22%2C%22commerce_rank_obj%22%3A%22%7B%5C%22target_id%5C%22%3A26685198917817488%2C%5C%22target_type%5C%22%3A0%2C%5C%22primary_position%5C%22%3A51%2C%5C%22ranking_signature%5C%22%3A6743449178846338706%2C%5C%22ranking_region%5C%22%3A%5C%22rva%5C%22%2C%5C%22ranking_request_id%5C%22%3A1828152424442133071%2C%5C%22commerce_channel%5C%22%3A504%2C%5C%22value%5C%22%3A0.0013305721280106%2C%5C%22candidate_retrieval_source_map%5C%22%3A%7B%5C%2226685198917817488%5C%22%3A204%7D%2C%5C%22is_prefetch%5C%22%3Afalse%7D%22%7D&__tn__=!%3AD
"$3,200","$3,200",2 Beds 1 Bath - House,https://www.facebook.com/marketplace/item/1338171258167422/?ref=category_feed&referral_code=undefined&referral_story_type=listing&tracking=%7B%22qid%22%3A%22-6737759766574159861%22%2C%22mf_story_key%22%3A%2226800297742926458%22%2C%22commerce_rank_obj%22%3A%22%7B%5C%22target_id%5C%22%3A26800297742926458%2C%5C%22target_type%5C%22%3A0%2C%5C%22primary_position%5C%22%3A52%2C%5C%22ranking_signature%5C%22%3A6743449178846338706%2C%5C%22ranking_region%5C%22%3A%5C%22rva%5C%22%2C%5C%22ranking_request_id%5C%22%3A1828152424442133071%2C%5C%22commerce_channel%5C%22%3A504%2C%5C%22value%5C%22%3A0.0013183186996478%2C%5C%22candidate_retrieval_source_map%5C%22%3A%7B%5C%2226800297742926458%5C%22%3A204%7D%2C%5C%22is_prefetch%5C%22%3Afalse%7D%22%7D&__tn__=!%3AD
$1,$1,Studio 2 Baths House,https://www.facebook.com/marketplace/item/936542752529358/?ref=category_feed&referral_code=undefined&referral_story_type=listing&tracking=%7B%22qid%22%3A%22-6737759766574159861%22%2C%22mf_story_key%22%3A%2225976284735384342%22%2C%22commerce_rank_obj%22%3A%22%7B%5C%22target_id%5C%22%3A25976284735384342%2C%5C%22target_type%5C%22%3A0%2C%5C%22primary_position%5C%22%3A53%2C%5C%22ranking_signature%5C%22%3A6743449178846338706%2C%5C%22ranking_region%5C%22%3A%5C%22rva%5C%22%2C%5C%22ranking_request_id%5C%22%3A1828152424442133071%2C%5C%22commerce_channel%5C%22%3A504%2C%5C%22value%5C%22%3A0.0013149231684036%2C%5C%22candidate_retrieval_source_map%5C%22%3A%7B%5C%2225976284735384342%5C%22%3A204%7D%2C%5C%22is_prefetch%5C%22%3Afalse%7D%22%7D&__tn__=!%3AD
$900,$900,Private room for rent,https://www.facebook.com/marketplace/item/931848053166972/?ref=category_feed&referral_code=undefined&referral_story_type=listing&tracking=%7B%22qid%22%3A%22-6737759766574159861%22%2C%22mf_story_key%22%3A%2226103364622688634%22%2C%22commerce_rank_obj%22%3A%22%7B%5C%22target_id%5C%22%3A26103364622688634%2C%5C%22target_type%5C%22%3A0%2C%5C%22primary_position%5C%22%3A55%2C%5C%22ranking_signature%5C%22%3A6743449178846338706%2C%5C%22ranking_region%5C%22%3A%5C%22rva%5C%22%2C%5C%22ranking_request_id%5C%22%3A1828152424442133071%2C%5C%22commerce_channel%5C%22%3A504%2C%5C%22value%5C%22%3A0.0012868052676967%2C%5C%22candidate_retrieval_source_map%5C%22%3A%7B%5C%2226103364622688634%5C%22%3A204%7D%2C%5C%22is_prefetch%5C%22%3Afalse%7D%22%7D&__tn__=!%3AD
"$1,000","$1,000",1 habitación 1 baño - Departamento,https://www.facebook.com/marketplace/item/923212304068700/?ref=category_feed&referral_code=undefined&referral_story_type=listing&tracking=%7B%22qid%22%3A%22-6737759766574159861%22%2C%22mf_story_key%22%3A%2227423542287270908%22%2C%22commerce_rank_obj%22%3A%22%7B%5C%22target_id%5C%22%3A27423542287270908%2C%5C%22target_type%5C%22%3A0%2C%5C%22primary_position%5C%22%3A58%2C%5C%22ranking_signature%5C%22%3A6743449178846338706%2C%5C%22ranking_region%5C%22%3A%5C%22rva%5C%22%2C%5C%22ranking_request_id%5C%22%3A1828152424442133071%2C%5C%22commerce_channel%5C%22%3A504%2C%5C%22value%5C%22%3A0.0012338670615307%2C%5C%22candidate_retrieval_source_map%5C%22%3A%7B%5C%2227423542287270908%5C%22%3A204%7D%2C%5C%22is_prefetch%5C%22%3Afalse%7D%22%7D&__tn__=!%3AD
"$2,000","$2,000",1 Bed 1 Bath - House,https://www.facebook.com/marketplace/item/4358536614368659/?ref=category_feed&referral_code=undefined&referral_story_type=listing&tracking=%7B%22qid%22%3A%22-6737759766574159861%22%2C%22mf_story_key%22%3A%2226982204648126681%22%2C%22commerce_rank_obj%22%3A%22%7B%5C%22target_id%5C%22%3A26982204648126681%2C%5C%22target_type%5C%22%3A0%2C%5C%22primary_position%5C%22%3A66%2C%5C%22ranking_signature%5C%22%3A6743449178846338706%2C%5C%22ranking_region%5C%22%3A%5C%22rva%5C%22%2C%5C%22ranking_request_id%5C%22%3A1828152424442133071%2C%5C%22commerce_channel%5C%22%3A504%2C%5C%22value%5C%22%3A0.0011741610453902%2C%5C%22candidate_retrieval_source_map%5C%22%3A%7B%5C%2226982204648126681%5C%22%3A204%7D%2C%5C%22is_prefetch%5C%22%3Afalse%7D%22%7D&__tn__=!%3AD
"$1,400","$1,400",Private room for rent,https://www.facebook.com/marketplace/item/769361876166922/?ref=category_feed&referral_code=undefined&referral_story_type=listing&tracking=%7B%22qid%22%3A%22-6737759766574159861%22%2C%22mf_story_key%22%3A%2228233575256232301%22%2C%22commerce_rank_obj%22%3A%22%7B%5C%22target_id%5C%22%3A28233575256232301%2C%5C%22target_type%5C%22%3A0%2C%5C%22primary_position%5C%22%3A71%2C%5C%22ranking_signature%5C%22%3A6743449178846338706%2C%5C%22ranking_region%5C%22%3A%5C%22rva%5C%22%2C%5C%22ranking_request_id%5C%22%3A1828152424442133071%2C%5C%22commerce_channel%5C%22%3A504%2C%5C%22value%5C%22%3A0.0011358080758655%2C%5C%22candidate_retrieval_source_map%5C%22%3A%7B%5C%2228233575256232301%5C%22%3A204%7D%2C%5C%22is_prefetch%5C%22%3Afalse%7D%22%7D&__tn__=!%3AD
"$3,450","$3,450",3 Beds 2 Baths House,https://www.facebook.com/marketplace/item/697835465299203/?ref=category_feed&referral_code=undefined&referral_story_type=listing&tracking=%7B%22qid%22%3A%22-6737759766574159861%22%2C%22mf_story_key%22%3A%226584761331622074%22%2C%22commerce_rank_obj%22%3A%22%7B%5C%22target_id%5C%22%3A6584761331622074%2C%5C%22target_type%5C%22%3A0%2C%5C%22primary_position%5C%22%3A75%2C%5C%22ranking_signature%5C%22%3A6743449178846338706%2C%5C%22ranking_region%5C%22%3A%5C%22rva%5C%22%2C%5C%22ranking_request_id%5C%22%3A1828152424442133071%2C%5C%22commerce_channel%5C%22%3A504%2C%5C%22value%5C%22%3A0.0011272036114178%2C%5C%22candidate_retrieval_source_map%5C%22%3A%7B%5C%226584761331622074%5C%22%3A204%7D%2C%5C%22is_prefetch%5C%22%3Afalse%7D%22%7D&__tn__=!%3AD
"$2,200","$2,200",2 Beds 2 Baths - Apartment,https://www.facebook.com/marketplace/item/27638587899066294/?ref=category_feed&referral_code=undefined&referral_story_type=listing&tracking=%7B%22qid%22%3A%22-6737759766574159861%22%2C%22mf_story_key%22%3A%2227009520472032997%22%2C%22commerce_rank_obj%22%3A%22%7B%5C%22target_id%5C%22%3A27009520472032997%2C%5C%22target_type%5C%22%3A0%2C%5C%22primary_position%5C%22%3A77%2C%5C%22ranking_signature%5C%22%3A6743449178846338706%2C%5C%22ranking_region%5C%22%3A%5C%22rva%5C%22%2C%5C%22ranking_request_id%5C%22%3A1828152424442133071%2C%5C%22commerce_channel%5C%22%3A504%2C%5C%22value%5C%22%3A0.0010978027794418%2C%5C%22candidate_retrieval_source_map%5C%22%3A%7B%5C%2227009520472032997%5C%22%3A204%7D%2C%5C%22is_prefetch%5C%22%3Afalse%7D%22%7D&__tn__=!%3AD
"$2,995","$2,995",3 Beds 3 Baths - Townhouse,https://www.facebook.com/marketplace/item/1001960062199777/?ref=category_feed&referral_code=undefined&referral_story_type=listing&tracking=%7B%22qid%22%3A%22-6737759766574159861%22%2C%22mf_story_key%22%3A%2226632727266393877%22%2C%22commerce_rank_obj%22%3A%22%7B%5C%22target_id%5C%22%3A26632727266393877%2C%5C%22target_type%5C%22%3A0%2C%5C%22primary_position%5C%22%3A78%2C%5C%22ranking_signature%5C%22%3A6743449178846338706%2C%5C%22ranking_region%5C%22%3A%5C%22rva%5C%22%2C%5C%22ranking_request_id%5C%22%3A1828152424442133071%2C%5C%22commerce_channel%5C%22%3A504%2C%5C%22value%5C%22%3A0.0010859572024118%2C%5C%22candidate_retrieval_source_map%5C%22%3A%7B%5C%2226632727266393877%5C%22%3A204%7D%2C%5C%22is_prefetch%5C%22%3Afalse%7D%22%7D&__tn__=!%3AD
$700,$700,7 Beds 7 Baths - House,https://www.facebook.com/marketplace/item/4319108964998616/?ref=category_feed&referral_code=undefined&referral_story_type=listing&tracking=%7B%22qid%22%3A%22-6737759766574159861%22%2C%22mf_story_key%22%3A%2227154809330841153%22%2C%22commerce_rank_obj%22%3A%22%7B%5C%22target_id%5C%22%3A27154809330841153%2C%5C%22target_type%5C%22%3A0%2C%5C%22primary_position%5C%22%3A79%2C%5C%22ranking_signature%5C%22%3A6743449178846338706%2C%5C%22ranking_region%5C%22%3A%5C%22rva%5C%22%2C%5C%22ranking_request_id%5C%22%3A1828152424442133071%2C%5C%22commerce_channel%5C%22%3A504%2C%5C%22value%5C%22%3A0.0010845187203958%2C%5C%22candidate_retrieval_source_map%5C%22%3A%7B%5C%2227154809330841153%5C%22%3A204%7D%2C%5C%22is_prefetch%5C%22%3Afalse%7D%22%7D&__tn__=!%3AD
