address,price,beds,baths,url
"3916 Coventry Ln, Huron, OH, 44839","$315,000",2,2,https://www.hudhomestore.gov/searchresult#
"3577 Hunters Crossing Dr, Grove City, OH, 43123","$199,000",2,2,https://www.hudhomestore.gov/searchresult#
"104 Ohio St, Lodi, OH, 44254","$150,000",3,1,https://www.hudhomestore.gov/searchresult#
"755 Fairwood Ave, Columbus, OH, 43205","$150,000",3,2,https://www.hudhomestore.gov/searchresult#
"678 State Route 551, Waverly, OH, 45690","$138,600",3,1,https://www.hudhomestore.gov/searchresult#
"712 Daggett Dr, Napoleon, OH, 43545",,,,https://www.hudhomestore.gov/searchresult#
"403 Western Ave, Washington Court, OH, 43160",,,,https://www.hudhomestore.gov/searchresult#
"45290 Minerton Rd, Vinton, OH, 45686",,,,https://www.hudhomestore.gov/searchresult#
"16965 Anderson Rd, Kimbolton, OH, 43749",,,,https://www.hudhomestore.gov/searchresult#
"229 Crowley St, Roseville, OH, 43777",,,,https://www.hudhomestore.gov/searchresult#
"2632 W Riverview Av, Dayton, OH, 45402",,,,https://www.hudhomestore.gov/searchresult#
"1111 Gordon Rd, Lyndhurst, OH, 44124",,,,https://www.hudhomestore.gov/searchresult#
"1936 Lakeview Ave, Lorain, OH, 44053",,,,https://www.hudhomestore.gov/searchresult#
"600 Hill Rd, Cutler, OH, 45724",,,,https://www.hudhomestore.gov/searchresult#
"214 W Boalt St, Sandusky, OH, 44870",,,,https://www.hudhomestore.gov/searchresult#
"1810 Cleveland Ave, Cincinnati, OH, 45212",,,,https://www.hudhomestore.gov/searchresult#
"630 Fleming Falls R, Mansfield, OH, 44905",,,,https://www.hudhomestore.gov/searchresult#
"3368 Big Run Rd, Lucasville, OH, 45648",,,,https://www.hudhomestore.gov/searchresult#
"845 2nd Ave, Gallipolis, OH, 45631",,,,https://www.hudhomestore.gov/searchresult#
"323 5th St, Lowell, OH, 45744",,,,https://www.hudhomestore.gov/searchresult#
"222 Saint Charles St, Coal Grove, OH, 45638",,,,https://www.hudhomestore.gov/searchresult#
