name,brokerage,phone,email,url
Liz Buys Houses,Independent / General,(833) 274-9691,,https://www.yellowpages.com/nationwide/mip/liz-buys-houses-576270430?lid=1002194052974
Sell My House Fast,Independent / General,(833) 275-0061,,https://www.yellowpages.com/nationwide/mip/sell-my-house-fast-568313899?lid=1002189300996
1. Sepulveda Escrow Corporation,Independent / General,(818) 838-1831,,https://www.yellowpages.com/los-angeles-ca/mip/sepulveda-escrow-corporation-496014618?lid=1001936054592
2. Westside Properties,Independent / General,(310) 839-6329,,https://www.yellowpages.com/los-angeles-ca/mip/westside-properties-2617903
3. Doud Associates Inc.,Independent / General,(323) 969-0171,,https://www.yellowpages.com/los-angeles-ca/mip/doud-associates-inc-462576964
4. Flat Rate LA Real Estate,Independent / General,(818) 451-5057,,https://www.yellowpages.com/los-angeles-ca/mip/flat-rate-la-real-estate-538117030
5. Sperry Van Ness,Independent / General,(310) 979-0800,,https://www.yellowpages.com/los-angeles-ca/mip/sperry-van-ness-12233669
6. Los Angeles Real Estate - Virginia Harper,Independent / General,(310) 989-7834,,https://www.yellowpages.com/los-angeles-ca/mip/los-angeles-real-estate-virginia-harper-450990897
7. West Coast Estates,Independent / General,(323) 230-9306,,https://www.yellowpages.com/los-angeles-ca/mip/west-coast-estates-9707780
8. California Assoc Of Realtors,Independent / General,(213) 365-9256,,https://www.yellowpages.com/los-angeles-ca/mip/california-assoc-of-realtors-3395693
9. Citi Homes Realty Investment Co,Independent / General,(213) 427-7799,,https://www.yellowpages.com/los-angeles-ca/mip/citi-homes-realty-investment-co-16145911
10. Tishman International Companies,Independent / General,(310) 552-8100,,https://www.yellowpages.com/los-angeles-ca/mip/tishman-international-companies-13547435
11. Paul Cargile-Cargile & Co,Independent / General,(310) 215-0588,,https://www.yellowpages.com/los-angeles-ca/mip/paul-cargile-cargile-co-1047622
12. Weerts Real Estate,Independent / General,(310) 826-5595,,https://www.yellowpages.com/los-angeles-ca/mip/weerts-real-estate-9852848
13. Century American Realty,Independent / General,(310) 201-2182,,https://www.yellowpages.com/los-angeles-ca/mip/century-american-realty-460269688
14. Bill Turner Real Estate,Independent / General,(323) 753-1547,,https://www.yellowpages.com/los-angeles-ca/mip/bill-turner-real-estate-460526542
15. Palm Vista Realty,Independent / General,(323) 512-7600,,https://www.yellowpages.com/los-angeles-ca/mip/palm-vista-realty-6735294
16. Ami Real Estate Investment Inc,Independent / General,(323) 655-1282,,https://www.yellowpages.com/los-angeles-ca/mip/ami-real-estate-investment-inc-6413690
17. Preferred Ventures Corp,Independent / General,(310) 788-0044,,https://www.yellowpages.com/los-angeles-ca/mip/preferred-ventures-corp-467472485
18. The Elliott Company,Independent / General,(310) 553-4567,,https://www.yellowpages.com/los-angeles-ca/mip/the-elliott-company-4886825
19. Cresa Partners,Independent / General,(310) 207-0310,,https://www.yellowpages.com/los-angeles-ca/mip/cresa-partners-7792577
20. Bennie Davenport,Independent / General,(323) 292-0251,,https://www.yellowpages.com/los-angeles-ca/mip/bennie-davenport-643294
21. Oxford Enterprises,Independent / General,(323) 653-8428,,https://www.yellowpages.com/los-angeles-ca/mip/oxford-enterprises-14608121
22. Pacific Urban Residential,Independent / General,(310) 474-0514,,https://www.yellowpages.com/los-angeles-ca/mip/pacific-urban-residential-469869921
23. Rosemary Low,Independent / General,(323) 660-5885,,https://www.yellowpages.com/los-angeles-ca/mip/rosemary-low-473422940
24. Altemus Co,Independent / General,(310) 478-7727,,https://www.yellowpages.com/los-angeles-ca/mip/altemus-co-7224555
25. Roberts Co,Independent / General,(310) 820-9751,,https://www.yellowpages.com/los-angeles-ca/mip/roberts-co-14936366
26. Rock Realty Group,Independent / General,(323) 656-4000,,https://www.yellowpages.com/los-angeles-ca/mip/rock-realty-group-473441298
27. Rpd Catalyst,Independent / General,(310) 557-1311,,https://www.yellowpages.com/los-angeles-ca/mip/rpd-catalyst-451635460
28. Amda,Independent / General,(323) 468-3868,,https://www.yellowpages.com/los-angeles-ca/mip/amda-4727285
29. Walter N Marks Realty,Independent / General,(310) 204-1865,,https://www.yellowpages.com/los-angeles-ca/mip/walter-n-marks-realty-4635656
30. Mann Realty,Independent / General,(323) 654-0066,,https://www.yellowpages.com/los-angeles-ca/mip/mann-realty-9319266
Manage yourfree listingUpdate your business information in a few steps.Claim Your Listingor call 1-866-794-0889,Independent / General,(833) 274-9691,,https://www.yellowpages.com/claim-your-listing
Featured Real Estate Agents,Independent / General,(833) 274-9691,,https://www.yellowpages.com/nationwide/mip/liz-buys-houses-576270430?lid=1002189242628
Liz Buys Houses,Independent / General,(833) 274-9691,,https://www.yellowpages.com/nationwide/mip/liz-buys-houses-576270430?lid=1002189242628
Liz Buys Houses,Independent / General,(833) 274-9691,,https://www.yellowpages.com/nationwide/mip/liz-buys-houses-576270430?lid=1002189242628
Sepulveda Escrow Corporation,Independent / General,(818) 838-1831,,https://www.yellowpages.com/los-angeles-ca/mip/sepulveda-escrow-corporation-496014618?lid=1001936054592
Sepulveda Escrow Corporation,Independent / General,(818) 838-1831,,https://www.yellowpages.com/los-angeles-ca/mip/sepulveda-escrow-corporation-496014618?lid=1001936054592
House Buyer Network,Independent / General,(833) 274-7871,,https://www.yellowpages.com/nationwide/mip/house-buyer-network-577261024?lid=1002189177244
House Buyer Network,Independent / General,(833) 274-7871,,https://www.yellowpages.com/nationwide/mip/house-buyer-network-577261024?lid=1002189177244
