companyName,contactName,phone,email,address,url
Carteret  Title,,(833) 238-6995,,Serving the Los Angeles area.,https://www.yellowpages.com/harrisonburg-va/mip/carteret-title-2807254?lid=1002193269903
1. Lawyers Title,,(213) 330-3100,,"801 S Figueroa St Ste 870Los Angeles, CA 90017",https://www.yellowpages.com/los-angeles-ca/mip/lawyers-title-452241750
2. United Title,,(213) 291-9409,,"915 Wilshire Blvd Ste 1920Los Angeles, CA 90017",https://www.yellowpages.com/los-angeles-ca/mip/united-title-463622800
3. Stewart Title Company,,(409) 948-1771,,"11300 W Olympic BlvdLos Angeles, CA 90064",https://www.yellowpages.com/los-angeles-ca/mip/stewart-title-company-561584380
4. TFC Title Loans - Los Angeles,,(844) 242-3543,,"Wilshire Blvd Suite 530 90010Los Angeles, CA 90010",https://www.yellowpages.com/los-angeles-ca/mip/tfc-title-loans-los-angeles-527982702
5. CPT SC Title Holding Corp,,(213) 386-8590,,"533 S Fremont AveLos Angeles, CA 90071",https://www.yellowpages.com/los-angeles-ca/mip/cpt-sc-title-holding-corp-486199817
6. Commonwealth Land Title Insurance Company,,(213) 330-3100,,"601 S Figueroa StLos Angeles, CA 90017",https://www.yellowpages.com/los-angeles-ca/mip/commonwealth-land-title-insurance-company-540747776
7. Orange Coast Title Co,,(213) 977-9762,,"840 Echo Park AveLos Angeles, CA 90026",https://www.yellowpages.com/los-angeles-ca/mip/orange-coast-title-co-527475703
8. TitleMax,,(213) 744-1601,,"830 E Washington Blvd Ste 7Los Angeles, CA 90021",https://www.yellowpages.com/los-angeles-ca/mip/titlemax-547690575
9. Cash 4 Car Title,,(877) 311-9933,,"5513 W Sunset BlvdLos Angeles, CA 90028",https://www.yellowpages.com/los-angeles-ca/mip/cash-4-car-title-507646695
10. Title And Payday,,(323) 582-2147,,"1332 E Florence AveLos Angeles, CA 90001",https://www.yellowpages.com/los-angeles-ca/mip/title-and-payday-495413681
11. Pacific Title Archives,,(323) 938-3711,,"4800 San Vicente BlvdLos Angeles, CA 90019",https://www.yellowpages.com/los-angeles-ca/mip/pacific-title-archives-2054506
12. Yu & Company,,(310) 838-1354,,"941 N Mansfield AveLos Angeles, CA 90038",https://www.yellowpages.com/los-angeles-ca/mip/yu-company-1540503
13. Real Title Services,,(213) 375-1726,,"1649 Colorado BlvdLos Angeles, CA 90041",https://www.yellowpages.com/los-angeles-ca/mip/real-title-services-565857665
14. California Hall Service,,(818) 238-9900,,"1486 Colorado BlvdLos Angeles, CA 90041",https://www.yellowpages.com/los-angeles-ca/mip/california-hall-service-462599295
15. Ticor Title Insurance,,(317) 984-3528,,"6300 Wilshire BlvdLos Angeles, CA 90048",https://www.yellowpages.com/los-angeles-ca/mip/ticor-title-insurance-561417506
16. National Exchange Title Holder,,(310) 734-7140,,"320 Arnaz DrLos Angeles, CA 90048",https://www.yellowpages.com/los-angeles-ca/mip/national-exchange-title-holder-544443927
17. Equity Title Co Inc,,(310) 470-1007,,"1810 Parnell AveLos Angeles, CA 90025",https://www.yellowpages.com/los-angeles-ca/mip/equity-title-co-inc-495886803
18. Shelli Herman & Associates,,(818) 633-0783,,"11693 San Vicente BlvdLos Angeles, CA 90049",https://www.yellowpages.com/los-angeles-ca/mip/shelli-herman-associates-545397162
19. Ward Abstract,,(310) 276-3182,,"875 Comstock Ave Apt 5eLos Angeles, CA 90024",https://www.yellowpages.com/los-angeles-ca/mip/ward-abstract-453555207
20. Linda Standaart,,(310) 215-0316,,"8921 S Sepulveda BlvdLos Angeles, CA 90045",https://www.yellowpages.com/los-angeles-ca/mip/linda-standaart-16501122
21. Fidelity National Information Service,,(323) 352-5140,,"2705 Media Center DrLos Angeles, CA 90065",https://www.yellowpages.com/los-angeles-ca/mip/fidelity-national-information-service-473171209
22. First American Title Insurance Company - Homebuilder Services,,(818) 242-5800,,"777 S Figueroa St 4th FlLos Angeles, CA 90017",https://www.yellowpages.com/los-angeles-ca/mip/first-american-title-insurance-company-homebuilder-services-552451662
23. First American Title Insurance Company - National Commercial Services,,(213) 623-1552,,"865 S Figueroa St Ste 2907Los Angeles, CA 90017",https://www.yellowpages.com/los-angeles-ca/mip/first-american-title-insurance-company-national-commercial-services-549008956
24. West Coast Escrow,,(310) 670-4455,,"622 N Larchmont BlvdLos Angeles, CA 90004",https://www.yellowpages.com/los-angeles-ca/mip/west-coast-escrow-7284273
25. Prima Escrow Inc,,(213) 365-8081,,"3600 Wilshire BlvdLos Angeles, CA 90010",https://www.yellowpages.com/los-angeles-ca/mip/prima-escrow-inc-467616217
26. American Trust Escrow,,(323) 671-2255,,"1662 Hillhurst AveLos Angeles, CA 90027",https://www.yellowpages.com/los-angeles-ca/mip/american-trust-escrow-13180430
27. RPM Lenders,,(323) 634-9222,,"5229 Wilshire BlvdLos Angeles, CA 90036",https://www.yellowpages.com/los-angeles-ca/mip/rpm-lenders-497793861
28. Realogy Trg,,(310) 470-7103,,"1810 Parnell AveLos Angeles, CA 90025",https://www.yellowpages.com/los-angeles-ca/mip/realogy-trg-497575141
29. Cash For Cars In Los Angeles,,(310) 988-2703,,"1436 S la Cienega Blvd Ste 114Los Angeles, CA 90035",https://www.yellowpages.com/los-angeles-ca/mip/cash-for-cars-in-los-angeles-30442967
30. Title Court Service Inc,,(213) 265-7399,,"205 S BroadwayLos Angeles, CA 90012",https://www.yellowpages.com/los-angeles-ca/mip/title-court-service-inc-466001915
Manage yourfree listingUpdate your business information in a few steps.Claim Your Listingor call 1-866-794-0889,,,,,https://www.yellowpages.com/claim-your-listing
