address,price,details,url
"1424 E 49th St, Brooklyn, NY 11234","$788,000",3 bd | 4 ba | 2200 sqft,https://www.zillow.com/homedetails/1424-E-49th-St-Brooklyn-NY-11234/30760937_zpid/
"454 W 23rd Street #4F, New York (Manhattan), NY 10011","$399,000",1 bd | 1 ba | 550 sqft,https://www.zillow.com/homedetails/454-W-23rd-St-APT-4F-New-York-NY-10011/244869317_zpid/
"6 Clinton Ct, Staten Island, NY 10301","$799,900",3 bd | 4 ba | 2800 sqft,https://www.zillow.com/homedetails/6-Clinton-Ct-Staten-Island-NY-10301/64574557_zpid/
"155 Locust Ave, Staten Island, NY 10306","$250,000",2 bd | 1 ba | 720 sqft,https://www.zillow.com/homedetails/155-Locust-Ave-Staten-Island-NY-10306/32330720_zpid/
"119-06 229th St #1, Cambria Heights, NY 11411","$725,000",3 bd | 2 ba | 1860 sqft,https://www.zillow.com/homedetails/119-06-229th-St-1-Cambria-Heights-NY-11411/462810049_zpid/
"31 Oliver Pl, Staten Island, NY 10314","$299,000",3 bd | 3 ba | 2100 sqft,https://www.zillow.com/homedetails/31-Oliver-Pl-Staten-Island-NY-10314/32304083_zpid/
"255 Flagg Pl, Staten Island, NY 10304","$3,195,000",5 bd | 7 ba | 7000 sqft,https://www.zillow.com/homedetails/255-Flagg-Pl-Staten-Island-NY-10304/32295029_zpid/
"6157 77th Place, Middle Village, NY 11379","$675,000",3 bd | 2 ba | 1152 sqft,https://www.zillow.com/homedetails/61-57-77th-Pl-Flushing-NY-11379/31993961_zpid/
"86-16 60th Avenue #6H, Elmhurst, NY 11373","$99,999",1 bd | 1 ba | 775 sqft,https://www.zillow.com/homedetails/86-16-60th-Ave-6H-Elmhurst-NY-11373/2080683631_zpid/
"47 S 8th Street #1, Brooklyn, NY 11249","$1,150,000",3 bd | 2 ba | 0 sqft,https://www.zillow.com/homedetails/47-S-8th-St-1-Brooklyn-NY-11249/462948301_zpid/
"249 10th St, Staten Island, NY 10306","$1,150,000",5 bd | 4 ba | 2240 sqft,https://www.zillow.com/homedetails/249-10th-St-Staten-Island-NY-10306/32337142_zpid/
"379 E 8th St, Brooklyn, NY 11218","$1,200,000",4 bd | 3 ba | 1500 sqft,https://www.zillow.com/homedetails/379-E-8th-St-Brooklyn-NY-11218/30674711_zpid/
"217 W 57th St #127/128, New York, NY 10019","$128,000,000",8 bd | 10 ba | 11535 sqft,https://www.zillow.com/homedetails/217-W-57th-St-127-128-New-York-NY-10019/2068952873_zpid/
"40 E 80th St APT 3A, New York, NY 10075","$598,000",3 bd | 3 ba | 1911 sqft,https://www.zillow.com/homedetails/40-E-80th-St-APT-3A-New-York-NY-10075/72530453_zpid/
"65-31 171st Street, Fresh Meadows, NY 11365","$998,000",3 bd | 3 ba | 1264 sqft,https://www.zillow.com/homedetails/6531-171st-St-Fresh-Meadows-NY-11365/32074095_zpid/
"37 Yale St, Staten Island, NY 10303","$899,000",6 bd | 3 ba | 2410 sqft,https://www.zillow.com/homedetails/37-Yale-St-Staten-Island-NY-10303/32306676_zpid/
"5812 32nd Avenue, Woodside, NY 11377","$988,000",4 bd | 2 ba | 1542 sqft,https://www.zillow.com/homedetails/5812-32nd-Ave-Woodside-NY-11377/31954691_zpid/
"61-57 77th Pl #1, Middle Village, NY 11379","$675,000",3 bd | 2 ba | 0 sqft,https://www.zillow.com/homedetails/61-57-77th-Pl-1-Middle-Village-NY-11379/462825047_zpid/
"327 4th St APT 2F, Brooklyn, NY 11215","$1,150,000",2 bd | 1 ba | 0 sqft,https://www.zillow.com/homedetails/327-4th-St-APT-2F-Brooklyn-NY-11215/244995750_zpid/
"323 Main St, Staten Island, NY 10307","$848,000",3 bd | 2 ba | 1100 sqft,https://www.zillow.com/homedetails/323-Main-St-Staten-Island-NY-10307/32376429_zpid/
"23-55 205th Street, Bayside, NY 11360","$1,388,000",3 bd | 2 ba | 1600 sqft,https://www.zillow.com/homedetails/2355-205th-St-Bayside-NY-11360/32054639_zpid/
"43 Zoe St, Staten Island, NY 10305","$699,000",3 bd | 2 ba | 1200 sqft,https://www.zillow.com/homedetails/43-Zoe-St-Staten-Island-NY-10305/32328672_zpid/
"303 E 57th St APT 14J, New York, NY 10022","$399,000",2 bd | 2 ba | 1400 sqft,https://www.zillow.com/homedetails/303-E-57th-St-APT-14J-New-York-NY-10022/331478428_zpid/
"29 Leslie Ave, Staten Island, NY 10305","$1,550,000",4 bd | 3 ba | 2700 sqft,https://www.zillow.com/homedetails/29-Leslie-Ave-Staten-Island-NY-10305/32324655_zpid/
"908 President St #23, Brooklyn, NY 11215","$1,995,000",3 bd | 2 ba | 0 sqft,https://www.zillow.com/homedetails/908-President-St-23-Brooklyn-NY-11215/245008616_zpid/
"175 Zoe St APT 4P, Staten Island, NY 10305","$239,999",1 bd | 1 ba | 750 sqft,https://www.zillow.com/homedetails/175-Zoe-St-APT-4P-Staten-Island-NY-10305/32328843_zpid/
"14455 Melbourne Avenue #3E, Flushing, NY 11367","$239,999",2 bd | 1 ba | 1000 sqft,https://www.zillow.com/homedetails/14455-Melbourne-Ave-APT-3E-Flushing-NY-11367/124449250_zpid/
"7033 Perry Ter, Brooklyn, NY 11209","$1,199,000",3 bd | 2 ba | 1520 sqft,https://www.zillow.com/homedetails/7033-Perry-Ter-Brooklyn-NY-11209/30693054_zpid/
"360 Beach 59th Street #A Dock, Arverne, NY 11692","$215,000",4 bd | 1 ba | 1600 sqft,https://www.zillow.com/homedetails/360-Beach-59th-St-A-Arverne-NY-11692/448676072_zpid/
"114-10 169th Street, Jamaica, NY 11434","$525,000",3 bd | 2 ba | 1448 sqft,https://www.zillow.com/homedetails/11410-169th-St-Jamaica-NY-11434/32188969_zpid/
"1119 Ocean Pkwy APT 4A, Brooklyn, NY 11230","$349,000",2 bd | 1 ba | 850 sqft,https://www.zillow.com/homedetails/1119-Ocean-Pkwy-APT-4A-Brooklyn-NY-11230/245006015_zpid/
"20309 48th Avenue, Bayside, NY 11364","$918,000",3 bd | 2 ba | 1224 sqft,https://www.zillow.com/homedetails/20309-48th-Ave-Flushing-NY-11364/32082610_zpid/
"29 Burgher Ave, Staten Island, NY 10304","$1,388,000",4 bd | 4 ba | 2750 sqft,https://www.zillow.com/homedetails/29-Burgher-Ave-Staten-Island-NY-10304/299993810_zpid/
"16 Cyrus Avenue, Brooklyn, NY 11229","$299,950",3 bd | 1 ba | 676 sqft,https://www.zillow.com/homedetails/16-Cyrus-Ave-Brooklyn-NY-11229/30793482_zpid/
"55 Knolls Crescent #4E, Bronx, NY 10463","$156,400",2 bd | 1 ba | 835 sqft,https://www.zillow.com/homedetails/55-Knolls-Cres-APT-4E-Bronx-NY-10463/313424252_zpid/
"132 La Guardia Ave, Staten Island, NY 10314","$700,000",3 bd | 3 ba | 1144 sqft,https://www.zillow.com/homedetails/132-La-Guardia-Ave-Staten-Island-NY-10314/32289071_zpid/
"19 Labau Ave, Staten Island, NY 10301","$639,999",2 bd | 2 ba | 1040 sqft,https://www.zillow.com/homedetails/19-Labau-Ave-Staten-Island-NY-10301/32288151_zpid/
"94 Lynette Ln, Buffalo, NY 14228","$663,000",4 bd | 3 ba | 2423 sqft,https://www.zillow.com/homedetails/94-Lynette-Ln-Buffalo-NY-14228/307153690_zpid/
"220 77th St, Brooklyn, NY 11209","$25,000,000",6 bd | 8 ba | 14000 sqft,https://www.zillow.com/homedetails/220-77th-St-Brooklyn-NY-11209/30696332_zpid/
"395 Clinton Ave APT 6, Brooklyn, NY 11238","$754,301",4 bd | 2 ba | 1300 sqft,https://www.zillow.com/homedetails/395-Clinton-Ave-APT-6-Brooklyn-NY-11238/2056166698_zpid/
"18-35 Corporal Kennedy Street #5F, Bayside, NY 11358","$380,000",2 bd | 2 ba | 1200 sqft,https://www.zillow.com/homedetails/18-35-Corporal-Kennedy-St-5F-Bayside-NY-11360/401760424_zpid/
